service,ref_share,test_share
dns,0.00284545821093255,0.499246940299452
http,0.13338325365282339,0.4686562630519801
ftp,0.0,0.013479135816531875
https,0.0004876831211719755,0.012972877194314716
gssapi,0.0,0.0023287896621989345
dce_rpc,0.0,0.0017212793155383427
smb,0.0,0.001366898279986331
smb;gssapi,0.0,0.00022781637999772184
ntp,0.055131232839890174,0.0
telnet,0.36695658852216656,0.0
ssh,0.2671044294683486,0.0
dhcp,0.0006604842270990535,0.0
