dataset,K,p_benign,CIS_all,CIS_attack,ABI,CIS_base,JS_to_profile,CIS_CA,CBA_CA
ToN_IoT,10,0.22845655304848775,0.030792668945108913,0.01772482253008879,0.1427295033872086,0.049259681909022815,0.5284219349066992,0.1450921325085581,0.8549078674914419
UNR-IDD,6,0.10085808227966532,0.048998968604634784,0.055098146662765114,-0.0789703012644016,0.025234868048266603,0.7356855593233016,0.16732500630327363,0.8326749936967264
UNSW-NB15,10,0.3609225646458884,0.1426398223138398,0.14524776886278448,0.28991396071765374,0.172877033959286,0.40874380821450296,0.2200503888103294,0.7799496111896707
NSL-KDD,40,0.5188230145103189,0.3512695944764251,0.40946830241271404,0.5064851430875065,0.399772316579528,0.22701757736369657,0.36522136873636174,0.6347786312636383
BoT_IoT,5,0.0001300251163820198,0.3484831118702718,0.30521467388185775,-0.24983746860452247,0.2158384643787887,0.9718565281556706,0.36704207713416515,0.6329579228658349
HIKARI-2021,6,0.9321132837965849,0.3848670823097906,0.24733559545076544,0.9185359405559018,0.4503414079013053,0.04515923485589295,0.36930497329222284,0.6306950267077771
CSE-CIC-IDS2018,15,0.8307001386008687,0.6728771251425021,0.09675998506747278,0.8186072913580735,0.5291880163631075,0.08648460675979022,0.4406473344424441,0.5593526655575559
CICIDS2017,15,0.8030036637024273,0.6321895119263434,0.2531763555682402,0.7889324968240292,0.5498341619984496,0.08536510379589202,0.45694035035793806,0.5430596496420619
