dataset,TR_vol,TR_tmp,TR_pro,TRI,rows_used
NSL-KDD,0.5921921494609359,,0.3666844740067238,0.5170229243095319,148515
UNSW-NB15,0.5632777628711304,0.44383918725936566,0.3714755807417328,0.477141896200545,257673
CIC-IDS2017,0.5486717357258862,0.5746918927064635,0.4083529715410832,0.5310160456811566,2830743
CSE-CIC-IDS2018,0.5459348122380269,0.5723571138754585,0.40516141107832476,0.5283490526610591,16233002
ToN-IoT,0.5309532440218315,0.3473717682472069,0.531464885589162,0.45762298202544777,211043
BoT-IoT,0.23952923210415952,0.6591356646389448,0.35733565513648985,0.4309330897245397,3668522
HIKARI-2021,0.49829625664183635,0.4151565867670356,0.5698386681685229,0.47934887099725343,555278
UNR-IDD,0.8465487853028203,0.5584944150556187,,0.7601324742286598,282
