protocol,count,p_i,q_i_proj,abs_diff
udp,1996437.0,0.5442074492125166,0.53,0.014207449212516599
tcp,1662812.0,0.4532648298142958,0.45,0.0032648298142957666
icmp,9052.0,0.0024674787284906566,0.015,0.012532521271509342
arp,213.0,5.8061529956750974e-05,0.004,0.003941938470043249
ipv6-icmp,8.0,2.180714740159661e-06,0.001,0.0009978192852598403
