protocol,count,p_i,q_i_proj,abs_diff
tcp,168747.0,0.7995858663874187,0.78,0.01958586638741866
udp,42015.0,0.19908265140279469,0.2,0.0009173485972053252
icmp,281.0,0.0013314822097866311,0.02,0.01866851779021337
