service,ref_share,test_share
dns,0.9873949579831933,0.5901144801980198
http,0.0,0.23214899614961496
smtp,0.0,0.05938015676567657
ftp-data,0.0,0.046333539603960396
ftp,0.0,0.04280115511551155
pop3,0.0,0.013132563256325632
ssh,0.0,0.012943481848184819
dhcp,0.0,0.0010313531353135313
snmp,0.0,0.0009368124312431243
https,0.0,0.0007391364136413642
irc,0.0,0.0002578382838283828
radius,0.0,0.00018048679867986798
