protocol,count,p_i,q_i_proj,abs_diff
tcp,121567.0,0.8185503147830185,0.9000000000000001,0.0814496852169816
udp,17614.0,0.1186008147325186,0.09,0.028600814732518604
icmp,9334.0,0.06284887048446285,0.010000000000000002,0.052848870484462844
