dataset,0.3,0.5,0.7
Bot_IoT,0.888340996022299,0.8178475558072265,0.7473541155921537
CIC-IDS2017,0.6010181071727749,0.6564231321685352,0.7118281571642954
CSE-CIC-IDS2018,0.7482073121211075,0.7017811263471563,0.6553549405732052
HIKARI-2021,0.5823646325033933,0.6360329135339162,0.6897011945644391
NSL-KDD,0.8042752478659805,0.7280918699212886,0.6519084919765967
ToN_IoT,0.8354885697398444,0.729146937066585,0.6228053043933256
UNSW-NB15,0.5870048043829978,0.5987848388092849,0.610564873235572
