protocol,count,p_i,q_i_proj,abs_diff
TCP,11800335.0,0.7269374998729435,0.0,0.7269374998729435
UDP,4194295.0,0.2583816748447894,0.0,0.2583816748447894
Others,238313.0,0.014680825282267053,0.0,0.014680825282267053
